-- MySQL dump 10.13  Distrib 8.0.12, for osx10.14 (x86_64)
--
-- Host: localhost    Database: ideematicreactjs
-- ------------------------------------------------------
-- Server version	8.0.12

/*!40101 SET @OLD_CHARACTER_SET_CLIENT=@@CHARACTER_SET_CLIENT */;
/*!40101 SET @OLD_CHARACTER_SET_RESULTS=@@CHARACTER_SET_RESULTS */;
/*!40101 SET @OLD_COLLATION_CONNECTION=@@COLLATION_CONNECTION */;
 SET NAMES utf8mb4 ;
/*!40103 SET @OLD_TIME_ZONE=@@TIME_ZONE */;
/*!40103 SET TIME_ZONE='+00:00' */;
/*!40014 SET @OLD_UNIQUE_CHECKS=@@UNIQUE_CHECKS, UNIQUE_CHECKS=0 */;
/*!40014 SET @OLD_FOREIGN_KEY_CHECKS=@@FOREIGN_KEY_CHECKS, FOREIGN_KEY_CHECKS=0 */;
/*!40101 SET @OLD_SQL_MODE=@@SQL_MODE, SQL_MODE='NO_AUTO_VALUE_ON_ZERO' */;
/*!40111 SET @OLD_SQL_NOTES=@@SQL_NOTES, SQL_NOTES=0 */;

--
-- Table structure for table `ar_internal_metadata`
--

DROP TABLE IF EXISTS `ar_internal_metadata`;
/*!40101 SET @saved_cs_client     = @@character_set_client */;
 SET character_set_client = utf8mb4 ;
CREATE TABLE `ar_internal_metadata` (
  `key` varchar(255) NOT NULL,
  `value` varchar(255) DEFAULT NULL,
  `created_at` datetime NOT NULL,
  `updated_at` datetime NOT NULL,
  PRIMARY KEY (`key`)
) ENGINE=InnoDB DEFAULT CHARSET=utf8;
/*!40101 SET character_set_client = @saved_cs_client */;

--
-- Dumping data for table `ar_internal_metadata`
--

LOCK TABLES `ar_internal_metadata` WRITE;
/*!40000 ALTER TABLE `ar_internal_metadata` DISABLE KEYS */;
INSERT INTO `ar_internal_metadata` VALUES ('environment','development','2018-10-02 17:00:04','2018-10-02 17:00:04');
/*!40000 ALTER TABLE `ar_internal_metadata` ENABLE KEYS */;
UNLOCK TABLES;

--
-- Table structure for table `rss_entries`
--

DROP TABLE IF EXISTS `rss_entries`;
/*!40101 SET @saved_cs_client     = @@character_set_client */;
 SET character_set_client = utf8mb4 ;
CREATE TABLE `rss_entries` (
  `id` bigint(20) NOT NULL AUTO_INCREMENT,
  `rss_feed_id` bigint(20) DEFAULT NULL,
  `title` varchar(255) DEFAULT NULL,
  `content` text,
  `date` date DEFAULT NULL,
  `is_read` tinyint(1) DEFAULT NULL,
  `created_at` datetime NOT NULL,
  `updated_at` datetime NOT NULL,
  `url` varchar(255) DEFAULT NULL,
  PRIMARY KEY (`id`),
  KEY `index_rss_entries_on_rss_feed_id` (`rss_feed_id`),
  CONSTRAINT `fk_rails_7060743c31` FOREIGN KEY (`rss_feed_id`) REFERENCES `rss_feeds` (`id`)
) ENGINE=InnoDB AUTO_INCREMENT=42 DEFAULT CHARSET=utf8;
/*!40101 SET character_set_client = @saved_cs_client */;

--
-- Dumping data for table `rss_entries`
--

LOCK TABLES `rss_entries` WRITE;
/*!40000 ALTER TABLE `rss_entries` DISABLE KEYS */;
INSERT INTO `rss_entries` VALUES (1,1,'Google lance en bêta-test son service de streaming de jeux vidéo via Chrome, Project Stream va inaugurer le jeu Assassin\'s Creed Odyssey d\'Ubisoft','<b>Google lance en bêta-test son service de streaming de jeux vidéo via Chrome</b><br />\r\n<b>Project Stream va inaugurer le jeu Assassin\'s Creed Odyssey d\'Ubisoft </b><br/><br/>Confirmant une rumeur qui a circulé début février, Google lance en bêta-test son projet Stream, un service de streaming de jeux vidéo via Chrome.<br/><br/>Les services de streaming de jeux vidéo ou de cloud gaming, même s\'ils sont encore à leurs balbutiements, sont devenus à la mode ces dernières années. L\'idée pour promouvoir ces services est qu\'au lieu de faire...','2018-10-02',1,'2018-10-02 17:00:25','2018-10-02 17:00:37','http://www.developpez.com/actu/226999/Google-lance-en-beta-test-son-service-de-streaming-de-jeux-video-via-Chrome-Project-Stream-va-inaugurer-le-jeu-Assassin-s-Creed-Odyssey-d-Ubisoft/'),(2,1,'France : le ministre des Armées annonce que Qwant sera le moteur de recherche par défaut sur les ordinateurs du département sous sa responsabilité','<b>France&nbsp;: le ministre des Armées annonce que Qwant sera le moteur de recherche par défaut sur les ordinateurs</b><br />\r\n<b>Du département sous sa responsabilité</b><br/><br/>L\'annonce est de Florence Parly  à la tête du ministère de la Défense en France depuis 2017  sur son compte Twitter&nbsp;: Qwant sera le moteur de recherche par défaut sur tous les ordinateurs du département dont elle a la charge.  <br/><br/><img src=\"https://www.developpez.net/forums/attachments/p416637d1/a/a/a\" /><br />\r\nCette envie de «&nbsp;montrer l\'exemple&nbsp;» fait suite à celle des représentants du peuple français au Parlement....','2018-10-02',1,'2018-10-02 17:00:25','2018-10-02 17:03:53','http://www.developpez.com/actu/226943/France-le-ministre-des-Armees-annonce-que-Qwant-sera-le-moteur-de-recherche-par-defaut-sur-les-ordinateurs-du-departement-sous-sa-responsabilite/'),(3,1,'Un code de mérite pour gérer le travail collaboratif par le mérite technique, solution idéale pour gérer les projets ou initiative non applicable ?','<b>Un code de mérite pour favoriser le travail collaboratif sur la base du mérite technique,</b><br />\r\n<b>solution idéale pour gérer les projets ou initiative irréalisable comportant des dérives ?</b><br/><br/>La gestion du travail collaboratif appelle nécessairement à gérer une diversité de personnes. Pour éviter des écarts de langages et de réactions entre les contributeurs d\'un projet, certaines personnes et entreprises n\'hésitent pas à élaborer un code de conduite que les membres du groupe devront respecter afin de pouvoir...','2018-09-28',NULL,'2018-10-02 17:00:25','2018-10-02 17:00:25','http://www.developpez.com/actu/226652/Un-code-de-merite-pour-gerer-le-travail-collaboratif-par-le-merite-technique-solution-ideale-pour-gerer-les-projets-ou-initiative-non-applicable/'),(4,1,'Tutoriel pour apprendre à déployer une application Python avec Kubernetes sur IBM Cloud, par Kunal Malhotra','Chers membres,<br />\r\nC\'est un plaisir renouvelé de vous présenter <a href=\"https://www.developpez.com/redirect/3904\" target=\"_blank\">ce tutoriel pour apprendre à déployer une application Python avec Kubernetes dans IBM Cloud</a>.<br/><br/>\r\n	\r\n		\r\n			\r\n			\r\n				 Kubernetes est sorti depuis quelques années (sa version initiale a été lancée en juin 2014) et, bien que la communauté du codage soit au courant et ait eu vent de ses plus grandes capacités, de nombreuses personnes ne l\'ont pas encore utilisé. Si vous n\'utilisez pas encore Kubernetes, vous n\'êtes pas seul .<br/><br/>D\'après ce que...','2018-09-28',1,'2018-10-02 17:00:25','2018-10-02 17:00:39','http://ibmcloud.developpez.com/actu/226616/Tutoriel-pour-apprendre-a-deployer-une-application-Python-avec-Kubernetes-sur-IBM-Cloud-par-Kunal-Malhotra/'),(5,1,'Safari : les résultats de recherches suggérés par Siri incluent des sites de fake news et théories du complot, Apple s\'est empressé de corriger le tir','<b>Safari : les résultats de recherches suggérés par Siri incluent des sites de fake news et théories du complot</b><br />\r\n<b>Apple s\'est empressé de corriger le tir</b><br/><br/>Depuis peu, il a pu être remarqué que les sites web suggérés par Siri sur Safari contenaient des sites de fake news ou de théories du complot. Ce qui a soulevé de grandes interrogations sur la capacité de l\'entreprise à garantir la qualité des résultats et des informations que son algorithme propose. En effet, certains mots-clés de recherche pouvaient...','2018-09-28',NULL,'2018-10-02 17:00:25','2018-10-02 17:00:25','http://www.developpez.com/actu/226560/Safari-les-resultats-de-recherches-suggeres-par-Siri-incluent-des-sites-de-fake-news-et-theories-du-complot-Apple-s-est-empresse-de-corriger-le-tir/'),(6,1,'The State Of JavaScript 2018, le formulaire de l\'enquête est disponible.','<b>The State Of JavaScript : participez à l\'édition 2018 de l\'enquête</b><br />\r\n<b>qui permet d\'avoir une vue macro des technologies utilisées dans le monde JS</b><br/><br/>Depuis quelques années, des organisations ou des particuliers organisent des enquêtes annuelles dénommées &quot;the State of ...&quot; sur le modèle du discours sur l\'état de l\'Union prononcé par le président américain devant son parlement. <br/><br/>La plus sérieuse de ces enquêtes est sans conteste <a href=\"https://puppet.com/blog/introducing-2018-state-devops-survey-new-research-focus\" target=\"_blank\">le State Of DevOps</a> mené par la société puppet depuis 5 ans.<br/><br/>L\'écosystème...','2018-09-28',NULL,'2018-10-02 17:00:25','2018-10-02 17:00:25','http://web.developpez.com/actu/226472/The-State-Of-JavaScript-2018-le-formulaire-de-l-enquete-est-disponible/'),(7,1,'UploadAjaxABCI : solution complète d\'upload Ajax-jQuery et classes PHP serveur, informations en temps réel, file d\'attente, etc.','<b>UploadAjaxABCI&nbsp;: une solution complète d\'upload Ajax-jQuery et classes PHP serveur,</b><br />\r\n<b>Informations en temps réel, file d\'attente, etc.</b><br/><br/><b>UploadAjaxABCI</b> est une solution complète d\'upload conçue par notre éminent membre <a href=\"https://www.developpez.net/forums/u388426/abciweb/\" target=\"_blank\">ABCIWEB</a>. Elle utilise la technologie Ajax-jQuery ainsi que des classes PHP pour le côté serveur permettant de bénéficier d\'une solution finalisée prête à l\'emploi et configurable.<br/><br/>C\'est une solution éprouvée et approuvée par plusieurs de nos visiteurs. L\'outil est mis à jour régulièrement...','2018-09-28',NULL,'2018-10-02 17:00:25','2018-10-02 17:00:25','http://ajax.developpez.com/actu/226464/UploadAjaxABCI-solution-complete-d-upload-Ajax-jQuery-et-classes-PHP-serveur-informations-en-temps-reel-file-d-attente-etc/'),(8,1,'Tutoriel pour apprendre les bases du deep learning et des réseaux de mémoire à long terme, par Romeo Kienzler','Chers membres,<br />\r\nC\'est un plaisir renouvelé de vous présenter <a href=\"https://www.developpez.com/redirect/3900\" target=\"_blank\">ce tutoriel pour apprendre les bases du deep learning et des réseaux de mémoire à long terme</a>.<br/><br/>\r\n	\r\n		\r\n			\r\n			\r\n				Ce tutoriel va vous apprendre quelques avantages du machine learning dans l\'analyse de données et les journaux d\'évènements, pour améliorer votre proactivité dans la détection et la résolution d\'anomalies sur vos systèmes connectés.\r\n			\r\n		\r\n	\r\n<br/><br/><img src=\"https://www.developpez.net/forums/images/smilies/fleche.gif\" border=\"0\" alt=\"\" title=\":fleche:\" class=\"inlineimg\" /> <a href=\"https://www.developpez.com/redirect/3836\" target=\"_blank\">Retrouvez les meilleurs cours et tutoriels pour apprendre à exploiter les services...</a>','2018-09-27',NULL,'2018-10-02 17:00:25','2018-10-02 17:00:25','http://ibmcloud.developpez.com/actu/226416/Tutoriel-pour-apprendre-les-bases-du-deep-learning-et-des-reseaux-de-memoire-a-long-terme-par-Romeo-Kienzler/'),(9,1,'Chrome 70 va permettre de désactiver la fonctionnalité de connexion automatique controversée, et supprimer les cookies d\'authentification Google','<b>Chrome 70 va permettre de désactiver la fonctionnalité de connexion automatique controversée </b><br />\r\n<b>et supprimer les cookies d\'authentification Google</b><br/><br/>Au début de ce mois, Google a commencé le déploiement d\'une nouvelle version de son navigateur, <a href=\"https://www.developpez.com/actu/222388/Chrome-69-est-disponible-en-telechargement-en-version-stable-le-navigateur-ne-marque-plus-les-sites-HTTPS-comme-etant-securises/\" target=\"_blank\">Chrome 69</a>. Cette version a coïncidé avec la célébration <a href=\"https://www.developpez.com/actu/222064/Google-Chrome-fete-ses-10-ans-Petit-retour-sur-les-promesses-d-un-nouveau-venu-sur-le-marche-des-navigateurs-qui-voulait-revolutionner-le-Web/\" target=\"_blank\">des 10 ans du navigateur</a> qui est depuis quelques années le plus populaire au monde. Google a voulu marquer ce 10e anniversaire avec bon nombre de nouveautés, dont certaines ne pourront passer inaperçues....','2018-09-26',NULL,'2018-10-02 17:00:25','2018-10-02 17:00:25','http://www.developpez.com/actu/226287/Chrome-70-va-permettre-de-desactiver-la-fonctionnalite-de-connexion-automatique-controversee-et-supprimer-les-cookies-d-authentification-Google/'),(10,1,'Chrome 69 conserverait-il les cookies Google après la suppression de toutes les données de navigation ? Christoph Tavan soutient que c\'est le cas','<b>Chrome 69 conserverait-il les cookies Google après la suppression de toutes les données de navigation&#8201;?</b><br />\r\n<b>Christoph Tavan soutient que c\'est le cas et dénonce ce changement</b><br/><br/>Depuis la sortie de Chrome 69, Google fait face à une succession de mécontentements à mesure que le nouveau navigateur est disséqué et les changements découverts. Dès les premières heures après avoir été rendu disponible, les internautes ont découvert à leur grande surprise que le navigateur n\'affichait plus les préfixes...','2018-09-25',NULL,'2018-10-02 17:00:25','2018-10-02 17:00:25','http://www.developpez.com/actu/226184/Chrome-69-conserverait-il-les-cookies-Google-apres-la-suppression-de-toutes-les-donnees-de-navigation-Christoph-Tavan-soutient-que-c-est-le-cas/'),(11,1,'Apprendre à programmer et à déployer une application Java sur IBM Cloud, un tutoriel d\'IBM','Chers membres,<br />\r\nC\'est un plaisir renouvelé de vous présenter <a href=\"https://www.developpez.com/redirect/3892\" target=\"_blank\">ce tutoriel pour apprendre à programmer et à déployer une application Java sur IBM Cloud</a>.<br/><br/>\r\n	\r\n		\r\n			\r\n			\r\n				Ce tutoriel est une introduction à la programmation Java dans l\'environnment IBM Cloud. Vous allez apprendre de façon pratique, à programmer une application en plusieurs modules, avec les services et composants du PaaS IBM Cloud.<br/><br/>La phase pratique de la formation se fera avec Eclipse. C\'est un IDE qui dispose d\'outils de connexion...','2018-09-25',NULL,'2018-10-02 17:00:25','2018-10-02 17:00:25','http://ibmcloud.developpez.com/actu/226056/Apprendre-a-programmer-et-a-deployer-une-application-Java-sur-IBM-Cloud-un-tutoriel-d-IBM/'),(12,1,'L\'Assemblée nationale abandonne Google comme moteur de recherche en interne pour Qwant, mais qu\'en sera-t-il dans la mise en uvre de cette décision ?','<b>L\'Assemblée nationale abandonne Google comme moteur de recherche en interne pour Qwant</b><br />\r\n<b>mais qu\'en sera-t-il dans la mise en oeuvre de cette décision ?</b><br/><br/>Dans l\'esprit du Règlement général européen sur la protection des données (RGPD) qui est entré en vigueur en mai 2018, des députés de la République En Marche ont eu l\'idée de bannir la collecte des données des internautes à travers les moteurs de recherche. À défaut de pouvoir bannir cette pratique, ce qui est moins réaliste, ils ont plutôt choisi...','2018-09-24',NULL,'2018-10-02 17:00:25','2018-10-02 17:00:25','http://www.developpez.com/actu/225860/L-Assemblee-nationale-abandonne-Google-comme-moteur-de-recherche-en-interne-pour-Qwant-mais-qu-en-sera-t-il-dans-la-mise-en-oeuvre-de-cette-decision/'),(13,1,'Chrome 69 : Google ajoute silencieusement la connexion forcée à Chrome qui s\'active une fois connecté à un service Google, des voix décrient ce fait','<b>Chrome 69 : Google ajoute silencieusement la connexion forcée à Chrome qui s\'active une fois connecté à un service Google,</b><br />\r\n<b>des voix s\'élèvent contre cette pratique</b><br/><br/>S\'il est une chose qui a marqué la version 69 du navigateur Chrome sortie il y a quelques semaines, c\'est qu\'elle n\'est pas passée inaperçue. Et pour cause, le navigateur du géant de la recherche a fait peau neuve en se repaissant d\'un nouveau design basé sur les principes de Material 2. Parmi les nouvelles fonctionnalités appréciées...','2018-09-24',NULL,'2018-10-02 17:00:25','2018-10-02 17:00:25','http://www.developpez.com/actu/225816/Chrome-69-Google-ajoute-silencieusement-la-connexion-forcee-a-Chrome-qui-s-active-une-fois-connecte-a-un-service-Google-des-voix-decrient-ce-fait/'),(14,1,'USA : un décret antitrust visant à enquêter sur les pratiques de Google, Facebook et autres serait envisagé par la Maison-Blanche','<b>USA : un décret antitrust visant à enquêter sur les pratiques de Google, Facebook et autres serait envisagé</b><br />\r\n<b>par la Maison-Blanche</b><br/><br/>« Les médias sociaux sont totalement discriminatoires contre les voix républicaines / conservatrices. L\'administration Trump ne laissera pas cela se produire. Ils réduisent les opinions de nombreuses personnes de la Droite, tout en ne faisant rien aux autres », a déclaré Donald Trump sur Twitter en août dernier. Peu après, les entreprises de réseaux sociaux se sont exprimées...','2018-09-24',NULL,'2018-10-02 17:00:25','2018-10-02 17:00:25','http://www.developpez.com/actu/225648/USA-un-decret-antitrust-visant-a-enqueter-sur-les-pratiques-de-Google-Facebook-et-autres-serait-envisage-par-la-Maison-Blanche/'),(15,1,'Apprendre à utiliser le framework Laravel 5.5 - Les données, un cours de Maurice Chavelli','Chers membres du club,<br/><br/>J\'ai le plaisir de vous présenter cette seconde partie de cette série de cours destinée à vous apprendre l\'utilisation la version 5.5 du framework Laravel.<br/><br/>Dans ce cours, nous abordons <a href=\"https://maurice-chavelli.developpez.com/tutoriels/laravel-5-5/les-donnees/\" target=\"_blank\">les données</a>.<br/><br/>\r\n	\r\n		\r\n			\r\n			\r\n				Ce Cours fait partie d\'une série de tutoriels pour vous apprendre à utiliser le framework Laravel version 5.5. Nous allons aborder les bases de données. C\'est un vaste sujet auquel Laravel apporte des réponses efficaces. Nous allons commencer par voir les migrations...','2018-09-24',NULL,'2018-10-02 17:00:25','2018-10-02 17:00:25','https://maurice-chavelli.developpez.com/tutoriels/laravel-5-5/les-donnees/'),(16,1,'Des milliers de sites WordPress infectés redirigent les visiteurs vers des pages d\'escroquerie au faux support technique','<b>Des milliers de sites WordPress infectés redirigent les visiteurs   </b><br />\r\n<b>vers des pages d\'escroquerie au faux support technique  </b><br/><br/>Des milliers de sites Web WordPress ont été compromis et les hackers responsables ont injectés du code JavaScript qui redirige les utilisateurs vers les pages d\'escroquerie au faux support technique.<br/><br/>Les chercheurs en sécurité ont découvert que les attaques avaient débuté au début du mois de septembre. Selon eux, les intrus ont accès à ces sites, non pas en exploitant les...','2018-09-23',NULL,'2018-10-02 17:00:25','2018-10-02 17:00:25','http://www.developpez.com/actu/225612/Des-milliers-de-sites-WordPress-infectes-redirigent-les-visiteurs-vers-des-pages-d-escroquerie-au-faux-support-technique/'),(17,1,'USA : près de 80 % des lecteurs désapprouvent l\'utilisation de widgets de recommandation de contenu web, selon une étude','<b>USA : près de 80 % des lecteurs désapprouvent l\'utilisation de widgets de recommandation de contenu web</b><br />\r\n<b>selon une étude</b><br/><br/>Arkadium, un fournisseur de contenu interactif pour sites web, vient de publier les résultats de son étude sur les opinions des consommateurs au sujet des widgets de recommandation de contenu web. L\'étude a pris en compte une population de 300 consommateurs américains et a abouti à la conclusion générale que 79 % des consommateurs interrogés désapprouvent les sites utilisant des...','2018-09-21',NULL,'2018-10-02 17:00:25','2018-10-02 17:00:25','http://www.developpez.com/actu/225424/USA-pres-de-80-pourcent-des-lecteurs-desapprouvent-l-utilisation-de-widgets-de-recommandation-de-contenu-web-selon-une-etude/'),(18,1,'Stratégie de contenu mobile - A Book Apart n°8, un livre de Karen McGrane, une critique de David Bleuse','<b>Stratégie de contenu mobile<br />\r\nA Book Apart n°8</b><br/><br/><b><a href=\"https://web.developpez.com/livres/index/?page=Conception-generale-de-sites-web#L2212143915\" target=\"_blank\"><img src=\"https://images-na.ssl-images-amazon.com/images/I/41WvVaBop3L._SX322_BO1,204,203,200_.jpg\" /></a></b>\r\n	\r\n		\r\n			\r\n			\r\n				Comment s\'assurer d\'offrir le meilleur contenu web possible dans tous les contextes d\'utilisation ?<br/><br/>Karen Mc Grane répond à cette question en partant du principe que ce n\'est pas à vous de décider avec quel appareil ou quelle plate-forme vos clients vont accéder au contenu que vous proposez : c\'est un choix qui leur revient.<br/><br/>Cette spécialiste en stratégie de contenu et en architecture de l\'information vous enseigne ici tous les fondamentaux...','2018-09-21',NULL,'2018-10-02 17:00:25','2018-10-02 17:00:25','https://web.developpez.com/livres/index/?page=Conception-generale-de-sites-web#L2212136757'),(19,1,'Antitrust : l\'UE pourrait infliger des sanctions à Facebook si ses conditions d\'utilisation ne sont pas mises à jour, selon des sources européennes','<b>Antitrust : l\'UE pourrait infliger des sanctions à Facebook si ses conditions d\'utilisation ne sont pas mises à jour</b><br />\r\n<b>Selon des sources européennes</b><br/><br/>Facebook doit se conformer aux règles de l\'UE en matière de protection des consommateurs en adaptant ses conditions de service au risque de faire l\'objet de sanction de la part de l\'Union Européenne, c\'est ce que nous rapport Reuters. <br/><br/>En effet, en novembre 2016, les autorités et organisations de protection des consommateurs de l\'UE, avec le concours de...','2018-09-20',NULL,'2018-10-02 17:00:25','2018-10-02 17:00:25','http://www.developpez.com/actu/225271/Antitrust-l-UE-pourrait-infliger-des-sanctions-a-Facebook-si-ses-conditions-d-utilisation-ne-sont-pas-mises-a-jour-selon-des-sources-europeennes/'),(20,1,'Mozilla annonce la disponibilité de Firefox Reality, son navigateur conçu pour la réalité virtuelle, sur Oculus et Daydream','<b>Mozilla annonce la disponibilité de Firefox Reality, son navigateur conçu pour la réalité virtuelle,</b><br />\r\n<b>sur Oculus et Daydream  </b><br/><br/>Au début de l\'année, Mozilla a annoncé le lancement d\'un tout nouveau navigateur Web nommé Firefox Reality, conçu pour fonctionner avec des casques autonomes de réalité virtuelle et réalité augmentée (ou réalité mixte). <br/><br/>Tentant d\'expliquer la pertinence d\'un tel projet, la Fondation avait avancé « qu\'il existe d\'autres solutions pour naviguer et accéder aux web via des casques...','2018-09-20',NULL,'2018-10-02 17:00:25','2018-10-02 17:00:25','http://www.developpez.com/actu/225255/Mozilla-annonce-la-disponibilite-de-Firefox-Reality-son-navigateur-concu-pour-la-realite-virtuelle-sur-Oculus-et-Daydream/'),(21,2,'Collomb confirme vouloir démissionner, Macron attend les « propositions » pour le remplacer','Le ministre de l’intérieur a réaffirmé sa volonté de quitter le gouvernement malgré un premier refus du président de la République.','2018-10-02',1,'2018-10-02 17:57:29','2018-10-02 17:57:35','https://www.lemonde.fr/politique/article/2018/10/02/gerard-collomb-reaffirme-sa-volonte-de-demissionner-macron-demande-au-premier-ministre-de-lui-chercher-un-successeur_5363504_823448.html?xtor=RSS-3208'),(22,2,'Indonésie : pourquoi le séisme a été si meurtrier','Le nombre de morts particulièrement élevé relève de la conjugaison de plusieurs facteurs comme la liquéfaction du sol. Explication en images.','2018-10-02',1,'2018-10-02 17:57:29','2018-10-02 17:57:37','https://www.lemonde.fr/planete/video/2018/10/02/indonesie-pourquoi-le-seisme-a-ete-si-meurtrier_5363566_3244.html?xtor=RSS-3208'),(23,2,'Dans le Jura et au Mali, le combat têtu du fils de l’otage Sophie Pétronin','Sébastien Chadaud-Pétronin lutte depuis près de deux ans pour obtenir la libération de l’otage française, détenue par des islamistes au Mali.','2018-10-02',NULL,'2018-10-02 17:57:29','2018-10-02 17:57:29','https://www.lemonde.fr/long-format/article/2018/10/02/sebastien-chadaud-petronin-tout-pour-sa-mere_5363070_5345421.html?xtor=RSS-3208'),(24,2,'Au congrès du Parti conservateur, Boris Johnson pilonne le plan Brexit de Theresa May','L’ex-ministre des affaires étrangères caresse l’idée d’un échec des négociations avec l’UE tandis que la première ministre espère encore les relancer.','2018-10-02',NULL,'2018-10-02 17:57:29','2018-10-02 17:57:29','https://www.lemonde.fr/referendum-sur-le-brexit/article/2018/10/02/au-congres-du-parti-conservateur-boris-johnson-pilonne-le-plan-brexit-de-theresa-may_5363536_4872498.html?xtor=RSS-3208'),(25,2,'Paris accuse le renseignement iranien d’avoir commandité le projet d’attentat de Villepinte','Selon une source diplomatique française, Téhéran était derrière un projet d’attentat visant un rassemblement de l’opposition iranienne en France en juin.','2018-10-02',NULL,'2018-10-02 17:57:29','2018-10-02 17:57:29','https://www.lemonde.fr/societe/article/2018/10/02/perquisitions-au-siege-d-une-association-musulmane-a-grande-synthe-dans-le-nord_5363171_3224.html?xtor=RSS-3208'),(26,2,'Violences contre des policiers le 1er-Mai à Paris : le couple de la Contrescarpe en garde à vue','Ils sont soupçonnés de violence envers des policiers. Le couple a été entendu le 19 septembre par les juges d’instruction au tribunal de Paris, chargés de cette enquête.','2018-10-02',NULL,'2018-10-02 17:57:29','2018-10-02 17:57:29','https://www.lemonde.fr/politique/article/2018/10/02/violences-contre-des-policiers-le-1er-mai-a-paris-le-couple-de-la-contrescarpe-en-garde-a-vue_5363575_823448.html?xtor=RSS-3208'),(27,2,'Natacha Valla à la BCE : l’ambition tranquille','A 42 ans, cette économiste discrète, passionnée de musique classique, vient d’être nommée numéro deux de la direction de la politique monétaire à la Banque centrale européenne.','2018-10-01',NULL,'2018-10-02 17:57:30','2018-10-02 17:57:30','https://www.lemonde.fr/economie/article/2018/10/01/natacha-valla-a-la-bce-l-ambition-tranquille_5362780_3234.html?xtor=RSS-3208'),(28,2,'Le projet de loi sur l’agriculture et l’alimentation définitivement adopté','Des députés fustigent un texte trop timide sur la défense de l’environnement, tandis que d’autres le jugent trop contraignant pour les paysans.','2018-10-02',NULL,'2018-10-02 17:57:30','2018-10-02 17:57:30','https://www.lemonde.fr/politique/article/2018/10/02/le-projet-de-loi-sur-l-agriculture-et-l-alimentation-definitivement-adopte_5363573_823448.html?xtor=RSS-3208'),(29,2,'Prévention renforcée en France face à la peste porcine','Le 13 septembre, la maladie avait été détectée en Belgique, à une dizaine de kilomètres de la frontière française. La chasse et les activités forestières sont suspendues dans 133 communes de 4 départements.','2018-10-02',NULL,'2018-10-02 17:57:30','2018-10-02 17:57:30','https://www.lemonde.fr/economie/article/2018/10/02/prevention-renforcee-en-france-face-a-la-peste-porcine_5363543_3234.html?xtor=RSS-3208'),(30,2,'Les déboires de General Electric inquiètent les ex-Alstom','L’inquiétude grandit à Belfort, le berceau d’Alstom, dont la division énergie a été rachetée en 2015 par General Electric, aujourd’hui en difficulté.','2018-10-02',NULL,'2018-10-02 17:57:30','2018-10-02 17:57:30','https://www.lemonde.fr/economie/article/2018/10/02/les-deboires-de-general-electric-inquietent-les-ex-alstom_5363533_3234.html?xtor=RSS-3208'),(31,2,'Les femmes représentent 5 % des lauréats des prix Nobel','Les prestigieux prix sont encore très majoritairement remis à des hommes, surtout dans les domaines scientifiques.','2018-10-02',NULL,'2018-10-02 17:57:30','2018-10-02 17:57:30','https://www.lemonde.fr/les-decodeurs/article/2018/10/02/les-femmes-representent-5-des-laureats-des-prix-nobel_5363465_4355770.html?xtor=RSS-3208'),(32,2,'Riad Sattouf : « Le dessin m’a permis de gagner l’amour des lecteurs »','Rencontre avec l’auteur de bandes dessinées et réalisateur qui a sorti jeudi le quatrième tome de sa série best-seller « L’Arabe du futur ».','2018-10-02',NULL,'2018-10-02 17:57:30','2018-10-02 17:57:30','https://www.lemonde.fr/livres/article/2018/10/02/riad-sattouf-le-dessin-m-a-permis-de-gagner-l-amour-des-lecteurs_5363457_3260.html?xtor=RSS-3208'),(33,2,'Amazon fixe son salaire minimal à 15 dollars aux Etats-Unis','Le plein-emploi et la pénurie de main-d’œuvre commencent à entraîner une hausse des rémunérations aux Etats-Unis.','2018-10-02',NULL,'2018-10-02 17:57:30','2018-10-02 17:57:30','https://www.lemonde.fr/economie/article/2018/10/02/amazon-fixe-son-salaire-minimal-a-15-dollars-aux-etats-unis_5363549_3234.html?xtor=RSS-3208'),(34,2,'Dix-huit mois de prison requis contre Alexandra D., fausse victime du Carillon','La jeune femme a reconnu s’être faussement présentée comme victime de la fusillade de la terrasse de ce bar parisien, le soir du 13 novembre 2015.','2018-10-02',NULL,'2018-10-02 17:57:30','2018-10-02 17:57:30','https://www.lemonde.fr/police-justice/article/2018/10/02/13-novembre-dix-huit-mois-ferme-requis-contre-alexandra-d-fausse-victime-du-carillon_5363331_1653578.html?xtor=RSS-3208'),(35,2,'Toxicomanie : des distributeurs de seringues réinstallés en Seine-Saint-Denis','L’Agence régionale de santé d’Ile-de-France a annoncé que les distributeurs qui avaient été désinstallés le 31 août seraient réimplantés le 3 octobre.','2018-10-02',NULL,'2018-10-02 17:57:30','2018-10-02 17:57:30','https://www.lemonde.fr/societe/article/2018/10/02/toxicomanie-des-distributeurs-de-seringues-reinstalles-en-seine-saint-denis_5363558_3224.html?xtor=RSS-3208'),(36,2,'Les budgets participatifs en plein essor : 80 villes et six millions de Français concernés','Le Gers lance une consultation sur la gestion de 3 % des investissements départementaux. A Paris, les citoyens disposent de 100 millions d’euros.','2018-10-02',NULL,'2018-10-02 17:57:30','2018-10-02 17:57:30','https://www.lemonde.fr/les-decodeurs/article/2018/10/02/les-budgets-participatifs-en-plein-essor-80-villes-et-six-millions-de-francais-concernes_5363450_4355770.html?xtor=RSS-3208'),(37,2,'Mort d’Adama Traoré : ce que révèle la dernière expertise médicale','Dans le document, que « Le Monde » a consulté, les médecins estiment que la mort est due à une réaction en chaîne après l’effort provoqué par sa fuite.','2018-10-02',NULL,'2018-10-02 17:57:30','2018-10-02 17:57:30','https://www.lemonde.fr/societe/article/2018/10/02/la-famille-d-adama-traore-conteste-la-nouvelle-expertise-medicale-qui-exonere-les-gendarmes_5363155_3224.html?xtor=RSS-3208'),(38,2,'Voies sur berges : vers un rejet des recours contre la piétonnisation','Le tribunal administratif de Paris examine mercredi les requêtes contre la fermeture à la circulation de la rive droite de la Seine. Le rapporteur public les rejette toutes, a appris « Le Monde ».','2018-10-02',NULL,'2018-10-02 17:57:30','2018-10-02 17:57:30','https://www.lemonde.fr/pollution/article/2018/10/02/voies-sur-berges-vers-un-rejet-des-recours-contre-la-fermeture-a-la-circulation_5363403_1652666.html?xtor=RSS-3208'),(39,2,'Charles Aznavour est mort d’une défaillance cardio-respiratoire','Une autopsie réalisée mardi confirme que la mort du chanteur, faisant suite à un œdème pulmonaire, est « naturelle ».','2018-10-02',NULL,'2018-10-02 17:57:30','2018-10-02 17:57:30','https://www.lemonde.fr/culture/article/2018/10/02/charles-aznavour-est-mort-d-une-defaillance-cardio-respiratoire_5363406_3246.html?xtor=RSS-3208'),(40,2,'Amiante : les victimes ne désarment pas malgré un nouveau revers','Le parquet de Paris a requis un non-lieu dans l’affaire de Condé-sur-Noireau. La Cour de cassation doit examiner des pourvois dans d’autres dossiers.','2018-10-02',NULL,'2018-10-02 17:57:30','2018-10-02 17:57:30','https://www.lemonde.fr/planete/article/2018/10/02/amiante-les-victimes-ne-desarment-pas-malgre-un-nouveau-revers_5363278_3244.html?xtor=RSS-3208'),(41,2,'Manuel Valls fait ses adieux à l’Assemblée nationale','Candidat à la mairie de Barcelone, le député de l’Essonne a remis mardi sa lettre de démission au président de l’Assemblée, Richard Ferrand, qui prendra effet mercredi.','2018-10-02',NULL,'2018-10-02 17:57:30','2018-10-02 17:57:30','https://www.lemonde.fr/politique/article/2018/10/02/manuel-valls-remet-sa-lettre-de-demission-et-fait-ses-adieux-a-l-assemblee-nationale_5363432_823448.html?xtor=RSS-3208');
/*!40000 ALTER TABLE `rss_entries` ENABLE KEYS */;
UNLOCK TABLES;

--
-- Table structure for table `rss_feeds`
--

DROP TABLE IF EXISTS `rss_feeds`;
/*!40101 SET @saved_cs_client     = @@character_set_client */;
 SET character_set_client = utf8mb4 ;
CREATE TABLE `rss_feeds` (
  `id` bigint(20) NOT NULL AUTO_INCREMENT,
  `url` varchar(255) DEFAULT NULL,
  `created_at` datetime NOT NULL,
  `updated_at` datetime NOT NULL,
  `title` varchar(255) DEFAULT NULL,
  `last_updated` timestamp NULL DEFAULT NULL,
  PRIMARY KEY (`id`)
) ENGINE=InnoDB AUTO_INCREMENT=3 DEFAULT CHARSET=utf8;
/*!40101 SET character_set_client = @saved_cs_client */;

--
-- Dumping data for table `rss_feeds`
--

LOCK TABLES `rss_feeds` WRITE;
/*!40000 ALTER TABLE `rss_feeds` DISABLE KEYS */;
INSERT INTO `rss_feeds` VALUES (1,'https://web.developpez.com/index/rss','2018-10-02 17:00:23','2018-10-02 17:00:23','',NULL),(2,'https://www.lemonde.fr/rss/une.xml','2018-10-02 17:57:29','2018-10-02 17:57:29','LeMonde',NULL);
/*!40000 ALTER TABLE `rss_feeds` ENABLE KEYS */;
UNLOCK TABLES;

--
-- Table structure for table `schema_migrations`
--

DROP TABLE IF EXISTS `schema_migrations`;
/*!40101 SET @saved_cs_client     = @@character_set_client */;
 SET character_set_client = utf8mb4 ;
CREATE TABLE `schema_migrations` (
  `version` varchar(255) NOT NULL,
  PRIMARY KEY (`version`)
) ENGINE=InnoDB DEFAULT CHARSET=utf8;
/*!40101 SET character_set_client = @saved_cs_client */;

--
-- Dumping data for table `schema_migrations`
--

LOCK TABLES `schema_migrations` WRITE;
/*!40000 ALTER TABLE `schema_migrations` DISABLE KEYS */;
INSERT INTO `schema_migrations` VALUES ('20181001191136'),('20181001191301'),('20181001192426'),('20181001193645'),('20181001213452');
/*!40000 ALTER TABLE `schema_migrations` ENABLE KEYS */;
UNLOCK TABLES;
/*!40103 SET TIME_ZONE=@OLD_TIME_ZONE */;

/*!40101 SET SQL_MODE=@OLD_SQL_MODE */;
/*!40014 SET FOREIGN_KEY_CHECKS=@OLD_FOREIGN_KEY_CHECKS */;
/*!40014 SET UNIQUE_CHECKS=@OLD_UNIQUE_CHECKS */;
/*!40101 SET CHARACTER_SET_CLIENT=@OLD_CHARACTER_SET_CLIENT */;
/*!40101 SET CHARACTER_SET_RESULTS=@OLD_CHARACTER_SET_RESULTS */;
/*!40101 SET COLLATION_CONNECTION=@OLD_COLLATION_CONNECTION */;
/*!40111 SET SQL_NOTES=@OLD_SQL_NOTES */;

-- Dump completed on 2018-10-02 20:04:19
